Key,Remarks,id,name,consumeType,equipType,quality,level,enchantLimit,enchantExp,stackNum,priority,attrData,precentAttrData,attrDesc,icon,atlas,description,sellPrice,life,attack,physiqueDef,spiritDef,attackVampire,critical,criticalHurt,toughness,lifeReceive,energyReceive,energyTrans,attackSpeed
700001,,700001,铜刀,4,,,1,1,2,999999,29999,物理攻击_51;法术攻击_51,,物理攻击+51;法术攻击+51,Equipment/700001,Icon,脱胎于石刀，形状很小，做工精美的青铜武器。,100,1,,,,,,,,,,,
700002,,700002,三尺剑,4,,1,8,1,2,999999,29899,物理攻击_69;法术攻击_69,,物理攻击+69;法术攻击+69,Equipment/700002,Icon,因通体长三尺，故以“三尺”为剑的代称。,100,1,,,,,,,,,,,
700003,,700003,雁翎刀,4,,2,16,1,4,999999,29799,物理攻击_75;法术攻击_75,,物理攻击+75;法术攻击+75,Equipment/700003,Icon,刀长三尺三，刀尖背开刃，利于砍刺。,100,1,,,,,,,,,,,
700004,,700004,巨阙剑,4,,4,24,1,7,999999,29699,物理攻击_85;法术攻击_85,,物理攻击+85;法术攻击+85,Equipment/700004,Icon,残缺之剑，因坚硬无比故号“天下至尊”，无宝剑敢与之争锋。,140,1,,,,,,,,,,,
700005,,700005,昆吾刀,4,,5,27,1,12,999999,29599,物理攻击_90;法术攻击_90,,物理攻击+90;法术攻击+90,Equipment/700005,Icon,传说刻玉须用昆吾刀。此刀乃用昆吾石冶炼成铁制作的刀。,180,1,,,,,,,,,,,
700006,,700006,承影剑,4,,6,31,1,30,999999,29499,物理攻击_95;法术攻击_95,,物理攻击+95;法术攻击+95,Equipment/700006,Icon,十大名剑之一。相传出炉时“蛟分承影，雁落忘归”，故名承影。,220,1,,,,,,,,,,,
700007,,700007,大夏龙雀,4,,8,42,1,38,999999,29399,物理攻击_101;法术攻击_101,,物理攻击+101;法术攻击+101,Equipment/700007,Icon,制作极巧，相传为夏国王所铸。下为大环以缠龙为之，其首鸟形。,600,1,,,,,,,,,,,
700008,,700008,干将莫邪,4,,9,45,1,64,999999,29299,物理攻击_105;法术攻击_105,,物理攻击+105;法术攻击+105,Equipment/700008,Icon,干将莫邪是一对夫妻剑，无人能够将其分开。双剑合璧，威力无穷。,1950,1,,,,,,,,,,,
700009,,700009,苗刀之祖,4,,11,51,1,126,999999,29199,物理攻击_114;法术攻击_114,,物理攻击+114;法术攻击+114,Equipment/700009,Icon,上古三苗九藜部落联盟首领蚩尤的配刀。,5400,1,,,,,,,,,,,
700010,,700010,七星龙渊,4,,13,58,1,270,999999,29099,物理攻击_122;法术攻击_122,,物理攻击+122;法术攻击+122,Equipment/700010,Icon,"俯视剑身，如同登高山而下望深渊，飘渺深邃，如有巨龙盘卧。 ",8900,1,,,,,,,,,,,
700011,,700011,青龙偃月,4,,15,68,1,420,999999,28999,物理攻击_130;法术攻击_130,,物理攻击+130;法术攻击+130,Equipment/700011,Icon,刀头阔长，形似半弦月。身经百战，所向披靡。,12450,1,,,,,,,,,,,
700012,,700012,轩辕夏禹剑,4,,17,78,1,570,999999,28899,物理攻击_139;法术攻击_139,,物理攻击+139;法术攻击+139,Equipment/700012,Icon,众神采首山之铜为黄帝所铸，蕴无穷之力，斩妖除魔为圣道之剑。,16300,1,,,,,,,,,,,
700013,,700013,长枪,4,,,1,1,2,999999,29998,物理攻击_35;法术攻击_35,,物理攻击+35;法术攻击+35,Equipment/700013,Icon,一种长柄的刺击兵器，由长矛演变而来。,100,1,,,,,,,,,,,
700014,,700014,凤头斧,4,,1,8,1,2,999999,29898,物理攻击_48;法术攻击_48,,物理攻击+48;法术攻击+48,Equipment/700014,Icon,长八寸，刃阔五寸，尾厚刃薄，柄长二尺五寸。是斧中较短的一种。,100,1,,,,,,,,,,,
700015,,700015,点钢枪,4,,2,16,1,4,999999,29798,物理攻击_52;法术攻击_52,,物理攻击+52;法术攻击+52,Equipment/700015,Icon,镔铁精钢打就，通身漆黑。枪名点钢，意为百炼精钢也能一点即透。,100,1,,,,,,,,,,,
700016,,700016,铁骨朵锤,4,,4,24,1,7,999999,29698,物理攻击_59;法术攻击_59,,物理攻击+59;法术攻击+59,Equipment/700056,Icon,端头类似锤头，木柄上安装一个重铁器凭借重力锤击敌人。,140,1,,,,,,,,,,,
700017,,700017,火龙枪,4,,5,27,1,12,999999,29598,物理攻击_63;法术攻击_63,,物理攻击+63;法术攻击+63,Equipment/700017,Icon,一条巨龙蛇盘其上，龙口刻在枪尖处，似是吞云吐雾一般。,180,1,,,,,,,,,,,
700018,,700018,斗大银锤,4,,6,31,1,30,999999,29498,物理攻击_66;法术攻击_66,,物理攻击+66;法术攻击+66,Equipment/700058,Icon,纯银打造，锤大如斗。黄天化所用。,220,1,,,,,,,,,,,
700019,,700019,蟠龙金枪,4,,8,42,1,38,999999,29398,物理攻击_70;法术攻击_70,,物理攻击+70;法术攻击+70,Equipment/700019,Icon,[穿越版]一起加入穿越之旅吧，杨延昭使用的武器也穿越来了！,600,1,,,,,,,,,,,
700020,,700020,干戚神斧,4,,9,45,1,64,999999,29298,物理攻击_73;法术攻击_73,,物理攻击+73;法术攻击+73,Equipment/700020,Icon,上古之战，刑天手执干戚神斧，强攻上中央天宫门之前，威震华夏。,1950,1,,,,,,,,,,,
700021,,700021,沥泉神矛,4,,11,51,1,126,999999,29198,物理攻击_79;法术攻击_79,,物理攻击+79;法术攻击+79,Equipment/700021,Icon,传说为沥泉中大蛇所化，枪头上带有大蛇剧毒。,5400,1,,,,,,,,,,,
700022,,700022,五丁开山,4,,13,58,1,270,999999,29098,物理攻击_85;法术攻击_85,,物理攻击+85;法术攻击+85,Equipment/700022,Icon,五丁开山时见蛇，山崩，五丁和蛇俱化为一把神斧，拥有开山之力。,8900,1,,,,,,,,,,,
700023,,700023,丈八点刚矛,4,,15,68,1,420,999999,28998,物理攻击_91;法术攻击_91,,物理攻击+91;法术攻击+91,Equipment/700023,Icon,全用镔铁点钢打造，身长丈八，刃开双锋，作游蛇形状，故而名之。,12450,1,,,,,,,,,,,
700024,,700024,盘古开山斧,4,,17,78,1,570,999999,28898,物理攻击_97;法术攻击_97,,物理攻击+97;法术攻击+97,Equipment/700024,Icon,大禹治理黄河时有三件宝，一为开山斧。传说是盘古开天辟地之器。,16300,1,,,,,,,,,,,
700025,,700025,角弓,4,,,1,1,2,999999,29997,物理攻击_71;法术攻击_71,,物理攻击+71;法术攻击+71,Equipment/700025,Icon,最古老的一种弹射武器，在古代战争中应用十分普遍。,100,1,,,,,,,,,,,
700026,,700026,直拉弓,4,,1,8,1,2,999999,29897,物理攻击_96;法术攻击_96,,物理攻击+96;法术攻击+96,Equipment/700026,Icon,根据弓片的弯曲方法而得名的。,100,1,,,,,,,,,,,
700027,,700027,反曲弓,4,,2,16,1,4,999999,29797,物理攻击_105;法术攻击_105,,物理攻击+105;法术攻击+105,Equipment/700027,Icon,一把未上弓弦的反曲弓弓臂末端向外弯曲，不同于普通长弓。,100,1,,,,,,,,,,,
700028,,700028,六韬三略,4,,4,24,1,7,999999,29697,物理攻击_119;法术攻击_119,,物理攻击+119;法术攻击+119,Equipment/700052,Icon,[穿越版]《六韬》、《三略》是古代重要的反映汉族军事思想的代表作。,140,1,,,,,,,,,,,
700029,,700029,神臂弓,4,,5,27,1,12,999999,29597,物理攻击_126;法术攻击_126,,物理攻击+126;法术攻击+126,Equipment/700029,Icon,以山桑为身，檀为弰，铁为枪膛，钢为机，麻索系札，丝为弦。,180,1,,,,,,,,,,,
700030,,700030,诸葛连弩,4,,6,31,1,30,999999,29497,物理攻击_133;法术攻击_133,,物理攻击+133;法术攻击+133,Equipment/700031,Icon,[穿越版]自从穿越了，妈妈再也不用担心我的摆拍了。,220,1,,,,,,,,,,,
700031,,700031,混元斗,4,,8,42,1,38,999999,29397,物理攻击_141;法术攻击_141,,物理攻击+141;法术攻击+141,Equipment/700030,Icon,此斗开天长出来，内藏天地按叁才；碧游宫里亲传授，阐教门人尽受灾。,600,1,,,,,,,,,,,
700032,,700032,诛仙剑图,4,,9,45,1,64,999999,29297,物理攻击_147;法术攻击_147,,物理攻击+147;法术攻击+147,Equipment/700032,Icon,藏有传说中的宝物——诛仙剑。斩仙除魔，是耍帅的必备之物。,1950,1,,,,,,,,,,,
700033,,700033,养由基弓,4,,11,51,1,126,999999,29197,物理攻击_159;法术攻击_159,,物理攻击+159;法术攻击+159,Equipment/700033,Icon,[穿越版]一个叫做养由基的家伙使用的弓，我想你不认识他。,5400,1,,,,,,,,,,,
700034,,700034,七宝妙树,4,,13,58,1,270,999999,29097,物理攻击_170;法术攻击_170,,物理攻击+170;法术攻击+170,Equipment/700034,Icon,七片玉叶，流光溢彩，晶莹欲滴。七宝妙树一刷，万物皆可破。,8900,1,,,,,,,,,,,
700035,,700035,射雕弯弓,4,,15,68,1,420,999999,28997,物理攻击_182;法术攻击_182,,物理攻击+182;法术攻击+182,Equipment/700035,Icon,[穿越版]只识弯弓射大雕，带上它一秒变装成吉思汗哟。,12450,1,,,,,,,,,,,
700036,,700036,五福玉如意,4,,17,78,1,570,999999,28897,物理攻击_194;法术攻击_194,,物理攻击+194;法术攻击+194,Equipment/700036,Icon,以纯银鎏金，镶嵌名贵宝石制成巧夺天工的金玉。,16300,1,,,,,,,,,,,
700037,,700037,长杖,4,,,1,1,2,999999,29996,物理攻击_86;法术攻击_86,,物理攻击+86;法术攻击+86,Equipment/700037,Icon,象征身份和地位的武器，装饰往往十分华丽，同时拥有攻击能力。,100,1,,,,,,,,,,,
700038,,700038,枯木杖,4,,1,8,1,2,999999,29896,物理攻击_117;法术攻击_117,,物理攻击+117;法术攻击+117,Equipment/700038,Icon,枯木制成的法杖。既可以用来装饰，也可以用来敲人脑袋。,100,1,,,,,,,,,,,
700039,,700039,镶玉杖,4,,2,16,1,4,999999,29796,物理攻击_127;法术攻击_127,,物理攻击+127;法术攻击+127,Equipment/700039,Icon,镶玉制成的法杖。用它敲人时，一定会很疼，相信我。,100,1,,,,,,,,,,,
700040,,700040,天师杖,4,,4,24,1,7,999999,29696,物理攻击_144;法术攻击_144,,物理攻击+144;法术攻击+144,Equipment/700041,Icon,贩卖者说，这是四大天师用过的哟……,140,1,,,,,,,,,,,
700041,,700041,达摩杖,4,,5,27,1,12,999999,29596,物理攻击_153;法术攻击_153,,物理攻击+153;法术攻击+153,Equipment/700040,Icon,贩卖者说，这是达摩祖师用过的哟……,180,1,,,,,,,,,,,
700042,,700042,四书五经,4,,6,31,1,30,999999,29496,物理攻击_161;法术攻击_161,,物理攻击+161;法术攻击+161,Equipment/700049,Icon,[穿越版]四书五经是先秦时期儒家经典著作，在思想史上地位崇高。,220,1,,,,,,,,,,,
700043,,700043,混元法杖,4,,8,42,1,38,999999,29396,物理攻击_171;法术攻击_171,,物理攻击+171;法术攻击+171,Equipment/700043,Icon,神仙们的法杖之一。据说好像能够借调用混元之力。,600,1,,,,,,,,,,,
700044,,700044,上古魔杖,4,,9,45,1,64,999999,29296,物理攻击_178;法术攻击_178,,物理攻击+178;法术攻击+178,Equipment/700044,Icon,神仙们的魔杖之一。据说是从上古流传下来的款式。,1950,1,,,,,,,,,,,
700045,,700045,莲台法杖,4,,11,51,1,126,999999,29196,物理攻击_193;法术攻击_193,,物理攻击+193;法术攻击+193,Equipment/700045,Icon,神仙们的法杖之一。杖上小莲台的装饰增添了美感。,5400,1,,,,,,,,,,,
700046,,700046,魔罗法杖,4,,13,58,1,270,999999,29096,物理攻击_207;法术攻击_207,,物理攻击+207;法术攻击+207,Equipment/700046,Icon,神仙们的法杖之一。很多人都不明白为何叫这名字。,8900,1,,,,,,,,,,,
700047,,700047,拂尘魔杖,4,,15,68,1,420,999999,28996,物理攻击_221;法术攻击_221,,物理攻击+221;法术攻击+221,Equipment/700047,Icon,神仙们的魔杖之一。轻轻一挥，就能带走一堆灰尘。,12450,1,,,,,,,,,,,
700048,,700048,雾露乾坤杖,4,,17,78,1,570,999999,28896,物理攻击_236;法术攻击_236,,物理攻击+236;法术攻击+236,Equipment/700048,Icon,雾露乃真水，水能克火。乾坤乃万物，相容一切。,16300,1,,,,,,,,,,,
700061,,700061,水精,4,1,,1,1,2,999999,29995,物理防御_16;法术防御_16,,物理防御+16;法术防御+16,Equipment/700061,Icon,因其晶莹透明、温润素净而被人们视为圣洁之物，是吉祥的象征。,100,1,,,,,,,,,,,
700062,,700062,定风珠,4,1,1,8,1,2,999999,29895,物理防御_22;法术防御_22,,物理防御+22;法术防御+22,Equipment/700062,Icon,百年蜈蚣腹内的灵珠，据说能治百病。,100,1,,,,,,,,,,,
700063,,700063,五光石,4,1,2,16,1,4,999999,29795,物理防御_24;法术防御_24,,物理防御+24;法术防御+24,Equipment/700063,Icon,会让人胡思乱想的石头。,100,1,,,,,,,,,,,
700064,,700064,混元珠,4,1,4,24,1,4,999999,29695,物理防御_27;法术防御_27,,物理防御+27;法术防御+27,Equipment/700064,Icon,蕴含天地混沌之力的珠子，握在手中有一股力量在涌动。,140,1,,,,,,,,,,,
700065,,700065,仙杏石,4,1,5,27,1,7,999999,29595,物理防御_29;法术防御_29,,物理防御+29;法术防御+29,Equipment/700065,Icon,这石头的年纪绝对比你老……,180,1,,,,,,,,,,,
700066,,700066,开天珠,4,1,6,31,1,20,999999,29495,物理防御_30;法术防御_30,,物理防御+30;法术防御+30,Equipment/700066,Icon,据说是用此珠之力，可以把天空劈开。但只是据说……,220,1,,,,,,,,,,,
700067,,700067,月游石晶,4,1,8,42,1,25,999999,29395,物理防御_32;法术防御_32,,物理防御+32;法术防御+32,Equipment/700067,Icon,相传由小山一般大小的宝珠上采集而来的晶石，在黑夜中会透出像月亮一样的光。,600,1,,,,,,,,,,,
700068,,700068,离火灵珠,4,1,9,45,1,51,999999,29295,物理防御_34;法术防御_34,,物理防御+34;法术防御+34,Equipment/700068,Icon,蕴含有一丝离火的灵珠，拥有强大的力量。,1950,1,,,,,,,,,,,
700069,,700069,宝莲玉晶,4,1,11,51,1,90,999999,29195,物理防御_37;法术防御_37,,物理防御+37;法术防御+37,Equipment/700069,Icon,文物！和隐士一样稀缺。,5400,1,,,,,,,,,,,
700070,,700070,重水宝珠,4,1,13,58,1,180,999999,29095,物理防御_40;法术防御_40,,物理防御+40;法术防御+40,Equipment/700070,Icon,蕴含有一丝重水的灵珠，拥有强大的力量。,8900,1,,,,,,,,,,,
700071,,700071,五彩玉石,4,1,15,68,1,270,999999,28995,物理防御_42;法术防御_42,,物理防御+42;法术防御+42,Equipment/700071,Icon,五色补天石的迷你版，据说是一位见过五色补天石的匠工仿成。,12450,1,,,,,,,,,,,
700072,,700072,天地日月珠,4,1,17,78,1,390,999999,28895,物理防御_45;法术防御_45,,物理防御+45;法术防御+45,Equipment/700072,Icon,据说我们脚下这片大地原本是一颗灵珠，经过衍变化为天地日月。,16300,1,,,,,,,,,,,
700073,,700073,护腕,4,1,,1,1,2,999999,29994,物理防御_16;法术防御_16,,物理防御+16;法术防御+16,Equipment/700073,Icon,精铁制成的护腕，用来保护手腕关节不受伤害，士兵的必备之物。,100,1,,,,,,,,,,,
700074,,700074,银面具,4,1,1,8,1,2,999999,29894,物理防御_22;法术防御_22,,物理防御+22;法术防御+22,Equipment/700074,Icon,银制的面具，用来保护士兵面部不受伤害，是应用广泛的装备。,100,1,,,,,,,,,,,
700075,,700075,金护腕,4,1,2,16,1,4,999999,29794,物理防御_24;法术防御_24,,物理防御+24;法术防御+24,Equipment/700075,Icon,金制的护腕，用来保护士兵手腕不受伤害，是应用广泛的装备。,100,1,,,,,,,,,,,
700076,,700076,锦面纱,4,1,4,24,1,4,999999,29694,物理防御_27;法术防御_27,,物理防御+27;法术防御+27,Equipment/700076,Icon,蜀中女子多俊秀，她们用蜀锦制成美丽又轻薄的面纱，风情无限。,140,1,,,,,,,,,,,
700077,,700077,归墟骨幡,4,1,5,27,1,7,999999,29594,物理防御_29;法术防御_29,,物理防御+29;法术防御+29,Equipment/700087,Icon,鬼物幡旗系的宝物。这些幡旗其实差不多，用编号来区分这是二号。,180,1,,,,,,,,,,,
700078,,700078,乌烈罩,4,1,6,31,1,20,999999,29494,物理防御_30;法术防御_30,,物理防御+30;法术防御+30,Equipment/700078,Icon,曾经有一个乌列的民族的男儿全都骁勇善战。这是他们佩戴的面具。,220,1,,,,,,,,,,,
700079,,700079,勾魂夺魄,4,1,8,42,1,25,999999,29394,物理防御_32;法术防御_32,,物理防御+32;法术防御+32,Equipment/700088,Icon,鬼物幡旗系的宝物。这些幡旗其实差不多，用编号来区分这是三号。,600,1,,,,,,,,,,,
700080,,700080,骨灵森森,4,1,9,45,1,51,999999,29294,物理防御_34;法术防御_34,,物理防御+34;法术防御+34,Equipment/700089,Icon,鬼物幡旗系的宝物。这些幡旗其实差不多，用编号来区分这是四号。,1950,1,,,,,,,,,,,
700081,,700081,两仪手套,4,1,11,51,1,90,999999,29194,物理防御_37;法术防御_37,,物理防御+37;法术防御+37,Equipment/700081,Icon,四象两仪组合手套。匠神旗下铁匠铺产出的组装物之一，价格不菲。,5400,1,,,,,,,,,,,
700082,,700082,四象面纱,4,1,13,58,1,180,999999,29094,物理防御_40;法术防御_40,,物理防御+40;法术防御+40,Equipment/700082,Icon,四象两仪组合面具。匠神旗下铁匠铺产出的组装物之一，价格不菲。,8900,1,,,,,,,,,,,
700083,,700083,上古护手,4,1,15,68,1,270,999999,28994,物理防御_42;法术防御_42,,物理防御+42;法术防御+42,Equipment/700083,Icon,上古时候的护手。如今已成为古董，十分稀有。,12450,1,,,,,,,,,,,
700084,,700084,洪荒金龙罩,4,1,17,78,1,390,999999,28894,物理防御_45;法术防御_45,,物理防御+45;法术防御+45,Equipment/700084,Icon,此装饰有金龙的面具，是从上古洪荒内流传下来的远古神物。,16300,1,,,,,,,,,,,
700091,,700091,铜靴,4,2,,1,1,2,999999,29993,生命_164;生命回复_469,,生命+164;生命回复+469,Equipment/700091,Icon,制作十分精巧，因铜制鞋不易腐朽。即实用，又美观。,100,1,,,,,,,,,,,
700092,,700092,逐日靴,4,2,1,16,1,6,999999,29693,生命_220;生命回复_625,,生命+220;生命回复+625,Equipment/700092,Icon,据说是夸父逐日时穿的鞋子，拥有疾如闪电的速度。,100,1,,,,,,,,,,,
700093,,700093,炽焰神靴,4,2,4,24,1,12,999999,29493,生命_273;生命回复_776,,生命+273;生命回复+776,Equipment/700093,Icon,靴身上有炽焰缠绕，对于佩戴者很安全，却会伤害一切靠近的人。,140,1,,,,,,,,,,,
700094,,700094,御风神靴,4,2,8,42,1,51,999999,29293,生命_325;生命回复_921,,生命+325;生命回复+921,Equipment/700094,Icon,穿上它，让你感受飞一般的感觉。速度快到放佛飞行一般。,600,1,,,,,,,,,,,
700095,,700095,九州神行履,4,2,13,58,1,270,999999,29093,生命_392;生命回复_1109,,生命+392;生命回复+1109,Equipment/700095,Icon,可瞬间穿越九州大地，传说之中才存在的靴子，几乎没有人见过。,8900,1,,,,,,,,,,,
700096,,700096,步云履,4,2,1,16,1,6,999999,29692,生命_220;生命回复_625,,生命+220;生命回复+625,Equipment/700096,Icon,穿上它可以让你日行千里腾云驾雾，现在大酬宾，两文钱一双！,100,1,,,,,,,,,,,
700097,,700097,乌光神靴,4,2,4,24,1,12,999999,29492,生命_273;生命回复_776,,生命+273;生命回复+776,Equipment/700097,Icon,宝物中非常出名的靴子，散发淡淡的乌光，光看特效想拥有。,140,1,,,,,,,,,,,
700098,,700098,紫光神靴,4,2,8,42,1,51,999999,29292,生命_325;生命回复_921,,生命+325;生命回复+921,Equipment/700098,Icon,宝物中非常出名的靴子，散发淡淡的紫光，光看特效想拥有。,600,1,,,,,,,,,,,
700099,,700099,天罡正气履,4,2,13,58,1,270,999999,29092,生命_392;生命回复_1109,,生命+392;生命回复+1109,Equipment/700099,Icon,一双鞋子里有无穷无尽的罡气，很显然会让你变得非常厉害。,8900,1,,,,,,,,,,,
700100,,700100,铁盔,4,3,,1,1,2,999999,29991,生命_766;物理防御_25;法术防御_25,,生命+766;物理防御+25;法术防御+25,Equipment/700100,Icon,体验风驰电掣的感觉！,100,1,,,,,,,,,,,
700101,,700101,白银盔,4,3,1,8,1,2,999999,29891,生命_1026;物理防御_33;法术防御_33,,生命+1026;物理防御+33;法术防御+33,Equipment/700101,Icon,听名字就知道，是使用白银制成的头盔，非常常见。,100,1,,,,,,,,,,,
700102,,700102,黄金盔,4,3,2,16,1,4,999999,29791,生命_1124;物理防御_36;法术防御_36,,生命+1124;物理防御+36;法术防御+36,Equipment/700102,Icon,听名字就知道，是使用黄金制成的头盔，非常常见。,100,1,,,,,,,,,,,
700103,,700103,沧海盔,4,3,4,24,1,7,999999,29691,生命_1271;物理防御_40;法术防御_40,,生命+1271;物理防御+40;法术防御+40,Equipment/700103,Icon,为了好卖，特地起了一个非常大气的名字并加了海浪纹理装饰。,140,1,,,,,,,,,,,
700104,,700104,龙鳞盔,4,3,5,27,1,12,999999,29591,生命_1352;物理防御_44;法术防御_44,,生命+1352;物理防御+44;法术防御+44,Equipment/700104,Icon,为了好卖，特地起了一个非常大气的名字并加了龙鳞纹理装饰。,180,1,,,,,,,,,,,
700105,,700105,狂战盔,4,3,6,31,1,30,999999,29491,生命_1434;物理防御_46;法术防御_46,,生命+1434;物理防御+46;法术防御+46,Equipment/700105,Icon,为了好卖，特地起了一个非常大气的名字并加了战士纹理装饰。,220,1,,,,,,,,,,,
700106,,700106,白虎铠,4,3,8,42,1,38,999999,29391,生命_1515;物理防御_49;法术防御_49,,生命+1515;物理防御+49;法术防御+49,Equipment/700127,Icon,四神兽之一——白虎之力换成的铠甲，拥有结实的防御力。,600,1,,,,,,,,,,,
700107,,700107,星辰头盔,4,3,9,45,1,64,999999,29291,生命_1581;物理防御_51;法术防御_51,,生命+1581;物理防御+51;法术防御+51,Equipment/700107,Icon,据说有星辰之力哦。听听就算了的传说。,1950,1,,,,,,,,,,,
700108,,700108,贪狼头盔,4,3,11,51,1,126,999999,29191,生命_1711;物理防御_55;法术防御_55,,生命+1711;物理防御+55;法术防御+55,Equipment/700108,Icon,[广告词]勇往无前！你缺少的不是实力，而是勇气！,5400,1,,,,,,,,,,,
700109,,700109,破军头盔,4,3,13,58,1,270,999999,29091,生命_1825;物理防御_60;法术防御_60,,生命+1825;物理防御+60;法术防御+60,Equipment/700109,Icon,[广告词]威震四方！你缺少的不是实力，而是勇气！,8900,1,,,,,,,,,,,
700110,,700110,地煞头盔,4,3,15,68,1,420,999999,28991,生命_1956;物理防御_63;法术防御_63,,生命+1956;物理防御+63;法术防御+63,Equipment/700110,Icon,[广告词]勇武无敌！你缺少的不是实力，而是勇气！,12450,1,,,,,,,,,,,
700111,,700111,紫薇罡气盔,4,3,17,78,1,570,999999,28891,生命_2070;物理防御_67;法术防御_67,,生命+2070;物理防御+67;法术防御+67,Equipment/700111,Icon,“不是只有还珠格格才有紫薇。”制造人一脸不爽地还击。,16300,1,,,,,,,,,,,
700112,,700112,战袍,4,3,,1,1,2,999999,29990,生命_136;物理防御_8;法术防御_8,,生命+136;物理防御+8;法术防御+8,Equipment/700112,Icon,常见的制式战袍，军队中你会常常见到它。,100,1,,,,,,,,,,,
700113,,700113,虎皮袍,4,3,1,8,1,2,999999,29890,生命_182;物理防御_11;法术防御_11,,生命+182;物理防御+11;法术防御+11,Equipment/700113,Icon,因为缝制了虎皮类似的东西，很多喜欢耍帅之人都会购买。,100,1,,,,,,,,,,,
700114,,700114,龙须袍,4,3,2,16,1,4,999999,29790,生命_200;物理防御_12;法术防御_12,,生命+200;物理防御+12;法术防御+12,Equipment/700114,Icon,因为缝制了龙须类似的东西，很多喜欢耍帅之人都会购买。,100,1,,,,,,,,,,,
700115,,700115,金乌带,4,3,4,24,1,7,999999,29690,生命_226;物理防御_13;法术防御_13,,生命+226;物理防御+13;法术防御+13,Equipment/700141,Icon,金乌，是上古神话中的神鸟。其实就是乌鸦羽毛制成的腰带。,140,1,,,,,,,,,,,
700116,,700116,八荒袍,4,3,5,27,1,12,999999,29590,生命_240;物理防御_14;法术防御_14,,生命+240;物理防御+14;法术防御+14,Equipment/700116,Icon,少年，我看你骨骼清奇，是个买披风的好材料。只要三两银子哦。,180,1,,,,,,,,,,,
700117,,700117,金乌袍,4,3,6,31,1,30,999999,29490,生命_255;物理防御_15;法术防御_15,,生命+255;物理防御+15;法术防御+15,Equipment/700117,Icon,少年，我看你骨骼清奇，是个买披风的好材料。只要二两银子哦。,220,1,,,,,,,,,,,
700118,,700118,出尘披风,4,3,8,42,1,38,999999,29390,生命_269;物理防御_16;法术防御_16,,生命+269;物理防御+16;法术防御+16,Equipment/700118,Icon,据说是从一个神仙洞府流出的披风，上面印有“出尘披风”四字。,600,1,,,,,,,,,,,
700119,,700119,化羽披风,4,3,9,45,1,64,999999,29290,生命_281;物理防御_17;法术防御_17,,生命+281;物理防御+17;法术防御+17,Equipment/700119,Icon,据说是从一个神仙洞府流出的披风，上面印有“化羽披风”四字。,1950,1,,,,,,,,,,,
700120,,700120,神风披风,4,3,11,51,1,126,999999,29190,生命_304;物理防御_18;法术防御_18,,生命+304;物理防御+18;法术防御+18,Equipment/700120,Icon,据说是从一个神仙洞府流出的披风，上面印有“神风披风”四字。,5400,1,,,,,,,,,,,
700121,,700121,玄魄披风,4,3,13,58,1,270,999999,29090,生命_324;物理防御_20;法术防御_20,,生命+324;物理防御+20;法术防御+20,Equipment/700121,Icon,据说是从一个神仙洞府流出的披风，上面印有“玄魄披风”四字。,8900,1,,,,,,,,,,,
700122,,700122,汇灵披风,4,3,15,68,1,420,999999,28990,生命_348;物理防御_21;法术防御_21,,生命+348;物理防御+21;法术防御+21,Equipment/700122,Icon,据说是从一个神仙洞府流出的披风，上面印有“汇灵披风”四字。,12450,1,,,,,,,,,,,
700123,,700123,烈火屠龙披,4,3,17,78,1,570,999999,28890,生命_368;物理防御_22;法术防御_22,,生命+368;物理防御+22;法术防御+22,Equipment/700123,Icon,古老的披风，通体火红如同烈火一般，据说有人曾佩戴它去屠龙。,16300,1,,,,,,,,,,,
700124,,700124,铁甲,4,3,,1,1,2,999999,29989,生命_164;物理防御_21;法术防御_21,,生命+164;物理防御+21;法术防御+21,Equipment/700124,Icon,常见的制式铁甲，军队中你会常常见到它。,100,1,,,,,,,,,,,
700125,,700125,赤金铠,4,3,1,8,1,2,999999,29889,生命_220;物理防御_27;法术防御_27,,生命+220;物理防御+27;法术防御+27,Equipment/700125,Icon,军队中士兵常穿戴的金属锁甲。,100,1,,,,,,,,,,,
700126,,700126,白银铠,4,3,2,16,1,4,999999,29789,生命_241;物理防御_30;法术防御_30,,生命+241;物理防御+30;法术防御+30,Equipment/700126,Icon,军中大将锁穿戴，质地坚硬，结实耐磨。,100,1,,,,,,,,,,,
700127,,700127,幽冥头盔,4,3,4,24,1,7,999999,29689,生命_273;物理防御_34;法术防御_34,,生命+273;物理防御+34;法术防御+34,Equipment/700106,Icon,据说有幽冥之力哦。听听就算了的传说。,140,1,,,,,,,,,,,
700128,,700128,朱雀铠,4,3,5,27,1,12,999999,29589,生命_290;物理防御_37;法术防御_37,,生命+290;物理防御+37;法术防御+37,Equipment/700128,Icon,四神兽之一——朱雀之力换成的铠甲，拥有结实的防御力。,180,1,,,,,,,,,,,
700129,,700129,青龙铠,4,3,6,31,1,30,999999,29489,生命_308;物理防御_38;法术防御_38,,生命+308;物理防御+38;法术防御+38,Equipment/700129,Icon,四神兽之一——青龙之力换成的铠甲，拥有结实的防御力。,220,1,,,,,,,,,,,
700130,,700130,银鳞胸甲,4,3,8,42,1,38,999999,29389,生命_325;物理防御_41;法术防御_41,,生命+325;物理防御+41;法术防御+41,Equipment/700130,Icon,“银鳞胸甲，五金一件，蓝色品质，先到先得。”,600,1,,,,,,,,,,,
700131,,700131,炎蟒胸甲,4,3,9,45,1,64,999999,29289,生命_339;物理防御_43;法术防御_43,,生命+339;物理防御+43;法术防御+43,Equipment/700131,Icon,遍布荆棘花纹的重型锁甲，沉重无比，非天生神力者不可穿戴。,1950,1,,,,,,,,,,,
700132,,700132,斩影胸甲,4,3,11,51,1,126,999999,29189,生命_367;物理防御_46;法术防御_46,,生命+367;物理防御+46;法术防御+46,Equipment/700132,Icon,集市有许多假货，看起来很像真的。当然，这件看起来也像真的。,5400,1,,,,,,,,,,,
700133,,700133,噬魂胸甲,4,3,13,58,1,270,999999,29089,生命_392;物理防御_50;法术防御_50,,生命+392;物理防御+50;法术防御+50,Equipment/700133,Icon,重量惊人，据说有人穿这锁甲压死了一匹马！,8900,1,,,,,,,,,,,
700134,,700134,冶炼胸甲,4,3,15,68,1,420,999999,28989,生命_420;物理防御_53;法术防御_53,,生命+420;物理防御+53;法术防御+53,Equipment/700134,Icon,经过千百次冶炼而成的胸甲……只是传说，事实是这东西真黑！,12450,1,,,,,,,,,,,
700135,,700135,战神虎烈甲,4,3,17,78,1,570,999999,28889,生命_444;物理防御_56;法术防御_56,,生命+444;物理防御+56;法术防御+56,Equipment/700135,Icon,据说是远古战神使用的铠甲，它的防御你无需担心！,16300,1,,,,,,,,,,,
700136,,700136,护肩,4,3,,1,1,2,999999,29988,生命_14;物理防御_12;法术防御_12,,生命+14;物理防御+12;法术防御+12,Equipment/700136,Icon,老旧的护肩，看上去应该不像是二手货。,100,1,,,,,,,,,,,
700137,,700137,犀牛带,4,3,1,8,1,2,999999,29888,生命_18;物理防御_16;法术防御_16,,生命+18;物理防御+16;法术防御+16,Equipment/700137,Icon,我也不明白这东西和犀牛有什么关系。,100,1,,,,,,,,,,,
700138,,700138,钨铁肩,4,3,2,16,1,4,999999,29788,生命_20;物理防御_18;法术防御_18,,生命+20;物理防御+18;法术防御+18,Equipment/700138,Icon,钨铁制成的护肩，质地坚硬，值得购买。,100,1,,,,,,,,,,,
700139,,700139,金乌肩,4,3,4,24,1,7,999999,29688,生命_23;物理防御_20;法术防御_20,,生命+23;物理防御+20;法术防御+20,Equipment/700140,Icon,金乌，是上古神话中的神鸟。其实就是乌鸦羽毛制成的护肩。,140,1,,,,,,,,,,,
700140,,700140,冥海带,4,3,5,27,1,12,999999,29588,生命_24;物理防御_22;法术防御_22,,生命+24;物理防御+22;法术防御+22,Equipment/700139,Icon,遮住第一个字，还以为是海带。吃货注意，不可食用哦！,180,1,,,,,,,,,,,
700141,,700141,追星披,4,3,6,31,1,30,999999,29488,生命_26;物理防御_23;法术防御_23,,生命+26;物理防御+23;法术防御+23,Equipment/700115,Icon,少年，我看你骨骼清奇，是个买披风的好材料。只要一两银子哦。,220,1,,,,,,,,,,,
700142,,700142,风雷护肩,4,3,8,42,1,38,999999,29388,生命_27;物理防御_24;法术防御_24,,生命+27;物理防御+24;法术防御+24,Equipment/700142,Icon,附加了风雷之力的护肩，远远看上去就威力无穷。,600,1,,,,,,,,,,,
700143,,700143,乾坤腰带,4,3,9,45,1,64,999999,29288,生命_29;物理防御_25;法术防御_25,,生命+29;物理防御+25;法术防御+25,Equipment/700143,Icon,起了个十分嚣张的名字，其实和天地乾坤没啥关系，只是型号而已。,1950,1,,,,,,,,,,,
700144,,700144,修罗护肩,4,3,11,51,1,126,999999,29188,生命_31;物理防御_27;法术防御_27,,生命+31;物理防御+27;法术防御+27,Equipment/700144,Icon,据说是修罗使用的护肩，远远看上去就威力无穷。,5400,1,,,,,,,,,,,
700145,,700145,玄黄腰带,4,3,13,58,1,270,999999,29088,生命_33;物理防御_30;法术防御_30,,生命+33;物理防御+30;法术防御+30,Equipment/700145,Icon,起了个十分嚣张的名字，其实和宇宙玄黄没啥关系，只是型号而已。,8900,1,,,,,,,,,,,
700146,,700146,上古护肩,4,3,15,68,1,420,999999,28988,生命_36;物理防御_31;法术防御_31,,生命+36;物理防御+31;法术防御+31,Equipment/700146,Icon,从上古流传下来的护肩，远远看上去就威力无穷。,12450,1,,,,,,,,,,,
700147,,700147,洪荒金龙缚,4,3,17,78,1,570,999999,28888,生命_38;物理防御_33;法术防御_33,,生命+38;物理防御+33;法术防御+33,Equipment/700147,Icon,上古洪荒绝对是最危险的地方，这条腰带就是从内流传下来的。,16300,1,,,,,,,,,,,
700148,,700148,骨链,4,4,,1,1,2,999999,29987,生命_211;物理攻击_30;法术攻击_30,,生命+211;物理攻击+30;法术攻击+30,Equipment/700148,Icon,常见的制式骨链，军队中你会常常见到它。,100,1,,,,,,,,,,,
700149,,700149,护身符,4,4,1,9,1,11,999999,29887,生命_283;物理攻击_41;法术攻击_41,,生命+283;物理攻击+41;法术攻击+41,Equipment/700149,Icon,常见的护身符，这东西卖的非常好，毕竟谁不愿意拥有好运气呢。,100,1,,,,,,,,,,,
700150,,700150,五龙坠,4,4,4,25,1,20,999999,29687,生命_351;物理攻击_51;法术攻击_51,,生命+351;物理攻击+51;法术攻击+51,Equipment/700150,Icon,琉璃阁新品之一。起了非常高大上的名字，但没什么厉害的地方。,140,1,,,,,,,,,,,
700151,,700151,琥珀项链,4,4,6,32,1,51,999999,29587,生命_396;物理攻击_57;法术攻击_57,,生命+396;物理攻击+57;法术攻击+57,Equipment/700153,Icon,琉璃阁新高级品之一。外表自然是非常华丽同时也拥有强大的力量。,220,1,,,,,,,,,,,
700153,,700153,瑶池之宝,4,4,8,43,1,77,999999,29487,生命_418;物理攻击_60;法术攻击_60,,生命+418;物理攻击+60;法术攻击+60,Equipment/700173,Icon,山寨出品。瑶池宝物什么的肯定不是凡人可以见到的。,600,1,,,,,,,,,,,
700154,,700154,山海异志录,4,4,10,49,1,180,999999,29287,生命_454;物理攻击_66;法术攻击_66,,生命+454;物理攻击+66;法术攻击+66,Equipment/700054,Icon,志怪古籍，大体是战国中后期到汉代初中期的楚国或巴蜀人所作。,3300,1,,,,,,,,,,,
700155,,700155,圣魔项链,4,4,13,59,1,510,999999,29087,生命_504;物理攻击_73;法术攻击_73,,生命+504;物理攻击+73;法术攻击+73,Equipment/700155,Icon,琉璃阁新高级品之一。据说拥有神仙和魔神的力量。（听听就好了）,8900,1,,,,,,,,,,,
700156,,700156,八卦如意坠,4,4,16,74,1,870,999999,28987,生命_558;物理攻击_81;法术攻击_81,,生命+558;物理攻击+81;法术攻击+81,Equipment/700156,Icon,绘制了八卦图案的吊坠，好像拥有一些易经玄学的规则。,14600,1,,,,,,,,,,,
700157,,700157,护符,4,4,,1,1,2,999999,29986,生命_211;物理攻击_30;法术攻击_30,,生命+211;物理攻击+30;法术攻击+30,Equipment/700157,Icon,常见的制式护符，军队中你会常常见到它。,100,1,,,,,,,,,,,
700158,,700158,青冥玉,4,4,1,17,1,11,999999,29886,生命_283;物理攻击_41;法术攻击_41,,生命+283;物理攻击+41;法术攻击+41,Equipment/700158,Icon,一种矿石提炼而成的玉。虽然不算常见，但是也会有一些人佩戴的。,100,1,,,,,,,,,,,
700159,,700159,铁嘴玉,4,4,4,25,1,20,999999,29686,生命_351;物理攻击_51;法术攻击_51,,生命+351;物理攻击+51;法术攻击+51,Equipment/700159,Icon,造型像铁嘴的玉质挂件，这玩意造价昂贵，非富贵人家不能购买。,140,1,,,,,,,,,,,
700160,,700160,赤焰火罩,4,4,6,32,1,51,999999,29586,生命_396;物理攻击_57;法术攻击_57,,生命+396;物理攻击+57;法术攻击+57,Equipment/700170,Icon,山寨版的九龙神火罩，至于功能性，没有任何保障。,220,1,,,,,,,,,,,
700161,,700161,白玉金镯,4,4,8,43,1,77,999999,29486,生命_418;物理攻击_60;法术攻击_60,,生命+418;物理攻击+60;法术攻击+60,Equipment/700172,Icon,山寨版的白玉紫金镯，因为偷工减料，所以只有一个颜色。,600,1,,,,,,,,,,,
700162,,700162,孙子兵法,4,4,10,49,1,180,999999,29286,生命_454;物理攻击_66;法术攻击_66,,生命+454;物理攻击+66;法术攻击+66,Equipment/700053,Icon,“兵学圣典”。现存最早的兵书，也是世界上最早的军事著作。,3300,1,,,,,,,,,,,
700164,,700164,清净琉璃,4,4,13,59,1,510,999999,29086,生命_504;物理攻击_73;法术攻击_73,,生命+504;物理攻击+73;法术攻击+73,Equipment/700164,Icon,珍宝阁限量产出的挂件之一。光是看着就觉得赏心悦目。,8900,1,,,,,,,,,,,
700165,,700165,玲珑宝塔坠,4,4,16,74,1,870,999999,28986,生命_558;物理攻击_81;法术攻击_81,,生命+558;物理攻击+81;法术攻击+81,Equipment/700165,Icon,据说是挂着玲珑宝塔。诶？玲珑宝塔在这里，那李靖怎么办呢……,14600,1,,,,,,,,,,,
700174,,700174,铁戒,4,5,,1,1,2,999999,29985,生命_211;物理攻击_30;法术攻击_30,,生命+211;物理攻击+30;法术攻击+30,Equipment/700174,Icon,做工有些笨拙的戒指，似乎是工匠学徒制作。,100,1,,,,,,,,,,,
700175,,700175,草编戒,4,5,1,17,1,4,999999,29785,生命_283;物理攻击_41;法术攻击_41,,生命+283;物理攻击+41;法术攻击+41,Equipment/700175,Icon,草编的戒指，这东西除了能装饰好像没有其他用处了。,100,1,,,,,,,,,,,
700176,,700176,仙草环,4,5,4,25,1,20,999999,29685,生命_351;物理攻击_51;法术攻击_51,,生命+351;物理攻击+51;法术攻击+51,Equipment/700176,Icon,仙草编的戒指，民间传说佩戴它会受到仙人的庇护。,140,1,,,,,,,,,,,
700177,,700177,兽骨戒指,4,5,6,32,1,51,999999,29585,生命_396;物理攻击_57;法术攻击_57,,生命+396;物理攻击+57;法术攻击+57,Equipment/700177,Icon,兽骨制成的戒指，这东西在西北的游牧民族中应该很受欢迎。,220,1,,,,,,,,,,,
700178,,700178,白虎之戒,4,5,8,43,1,77,999999,29385,生命_418;物理攻击_60;法术攻击_60,,生命+418;物理攻击+60;法术攻击+60,Equipment/700178,Icon,四神兽之一的白虎戒指，拥有战伐之力。,600,1,,,,,,,,,,,
700179,,700179,天罡戒指,4,5,10,49,1,180,999999,29185,生命_454;物理攻击_66;法术攻击_66,,生命+454;物理攻击+66;法术攻击+66,Equipment/700179,Icon,用名为“天罡石”打造的戒指，做工精美，还蕴含天罡之力。,3300,1,,,,,,,,,,,
700193,,700193,玄武之戒,4,5,13,59,1,510,999999,28985,生命_504;物理攻击_73;法术攻击_73,,生命+504;物理攻击+73;法术攻击+73,Equipment/700193,Icon,四神兽之一的白虎戒指，强大的防御力能够给你很好的保护。,8900,1,,,,,,,,,,,
700180,,700180,混元一气戒,4,5,16,74,1,870,999999,28885,生命_558;物理攻击_81;法术攻击_81,,生命+558;物理攻击+81;法术攻击+81,Equipment/700180,Icon,天地初始的混元混沌之气凝结而成，拥有本源之力，毁天灭地。,14600,1,,,,,,,,,,,
700181,,700181,银戒,4,5,,1,1,2,999999,29984,生命_211;物理攻击_30;法术攻击_30,,生命+211;物理攻击+30;法术攻击+30,Equipment/700181,Icon,银色的制成戒指，具体是由什么材料制作而成是个谜。,100,1,,,,,,,,,,,
700182,,700182,玉扳指,4,5,1,17,1,4,999999,29784,生命_283;物理攻击_41;法术攻击_41,,生命+283;物理攻击+41;法术攻击+41,Equipment/700182,Icon,玉制的扳指，有钱人都喜欢佩戴，作为身份的象征。,100,1,,,,,,,,,,,
700183,,700183,青鸾戒,4,5,4,25,1,20,999999,29684,生命_351;物理攻击_51;法术攻击_51,,生命+351;物理攻击+51;法术攻击+51,Equipment/700183,Icon,佩戴者时不时能听到若有若无的青鸾呼啸声。,140,1,,,,,,,,,,,
700185,,700185,朱雀之戒,4,5,6,32,1,51,999999,29584,生命_396;物理攻击_57;法术攻击_57,,生命+396;物理攻击+57;法术攻击+57,Equipment/700185,Icon,四神兽之一的朱雀能够增加使用者的速度，攻击会附加火焰。,220,1,,,,,,,,,,,
700186,,700186,地煞戒指,4,5,8,43,1,77,999999,29384,生命_418;物理攻击_60;法术攻击_60,,生命+418;物理攻击+60;法术攻击+60,Equipment/700186,Icon,使用者要小心不被地煞之力影响，否则很容易进入异常状态。,600,1,,,,,,,,,,,
700187,,700187,翡翠戒指,4,5,10,49,1,180,999999,29184,生命_454;物理攻击_66;法术攻击_66,,生命+454;物理攻击+66;法术攻击+66,Equipment/700187,Icon,使用极品翡翠制成的戒指，极端晶莹剔透，也拥有强大的力量。,3300,1,,,,,,,,,,,
700188,,700188,青龙之戒,4,5,13,59,1,510,999999,28984,生命_504;物理攻击_73;法术攻击_73,,生命+504;物理攻击+73;法术攻击+73,Equipment/700188,Icon,四神兽之一的青龙戒指，能够增加使用者的速度。,8900,1,,,,,,,,,,,
700196,,700196,天地须弥戒,4,5,16,74,1,870,999999,28884,生命_558;物理攻击_81;法术攻击_81,,生命+558;物理攻击+81;法术攻击+81,Equipment/700196,Icon,将天地装载在须弥一介子中，拥有容纳一切的能力，很强！,14600,1,,,,,,,,,,,
700049,,700049,四书五经,4,,8,50,3,1,999999,29187,,,,Equipment/700049,Icon,[穿越版]四书五经是先秦时期儒家经典著作，在思想史上地位崇高。,7750,1,,,,,,,,,,,
700050,,700050,诸子百家,4,,8,58,4,1,999999,29186,,,,Equipment/700050,Icon,[穿越版]对春秋、战国、秦汉时期各种学术派别的总称。,10000,1,,,,,,,,,,,
700051,,700051,四大名著,4,,8,66,4,1,999999,29185,,,,Equipment/700051,Icon,[穿越版]古典长篇小说四大名著，你懂得。,12550,1,,,,,,,,,,,
700052,,700052,六韬三略,4,,13,74,5,1,999999,28699,,,,Equipment/700052,Icon,[穿越版]《六韬》、《三略》是古代重要的反映汉族军事思想的代表作。,15400,1,,,,,,,,,,,
700055,,700055,混元钢锤,4,,8,50,3,1,999999,29184,,,,Equipment/700055,Icon,精钢所铸，比较常见的锤身形状，类似于西瓜，锤柄较短。,7750,1,,,,,,,,,,,
700056,,700056,铁骨朵锤,4,,8,58,4,1,999999,29183,,,,Equipment/700056,Icon,端头类似锤头，木柄上安装一个重铁器凭借重力锤击敌人。,10000,1,,,,,,,,,,,
700057,,700057,青龙宝锤,4,,8,66,4,1,999999,29182,,,,Equipment/700057,Icon,[穿越版]岳飞帐下神兵，二锤舞圆之时锤影如青龙翻飞。,12550,1,,,,,,,,,,,
700058,,700058,斗大银锤,4,,13,74,5,1,999999,28698,,,,Equipment/700058,Icon,纯银打造，锤大如斗。黄天化所用。,15400,1,,,,,,,,,,,
700059,,700059,灭地银锤,4,,13,82,5,1,999999,28697,,,,Equipment/700059,Icon,[穿越版]这个世道本没有锤子……瓦岗寨头号猛将裴元庆的武器。,18550,1,,,,,,,,,,,
700060,,700060,金瓜霹雳锤,4,,13,90,5,1,999999,28696,,,,Equipment/700060,Icon,[穿越版]不知谁抢了《说唐》中“天下第一好汉”李元霸的武器。,22000,1,,,,,,,,,,,
700085,,700085,万魂千魄,4,1,8,49,3,1,999999,29181,,,,Equipment/700085,Icon,原为招魂幡炼化成精，危害三界，后被佛祖打回原形，然妖气仍在。,7550,1,,,,,,,,,,,
700086,,700086,魑魅魍魉,4,1,8,57,4,1,999999,29180,,,,Equipment/700086,Icon,鬼物幡旗系的宝物。这些幡旗其实差不多，用编号来区分这是一号。,9800,1,,,,,,,,,,,
700087,,700087,归墟骨幡,4,1,8,65,4,1,999999,29179,,,,Equipment/700087,Icon,鬼物幡旗系的宝物。这些幡旗其实差不多，用编号来区分这是二号。,12350,1,,,,,,,,,,,
700088,,700088,勾魂夺魄,4,1,13,73,5,1,999999,28695,,,,Equipment/700088,Icon,鬼物幡旗系的宝物。这些幡旗其实差不多，用编号来区分这是三号。,15200,1,,,,,,,,,,,
700089,,700089,骨灵森森,4,1,13,81,5,1,999999,28694,,,,Equipment/700089,Icon,鬼物幡旗系的宝物。这些幡旗其实差不多，用编号来区分这是四号。,18350,1,,,,,,,,,,,
700090,,700090,阴阳轮回幡,4,1,13,89,5,1,999999,28693,,,,Equipment/700090,Icon,一件能够阻拦冥府召唤，打破阴阳轮回的幡旗，你觉得厉不厉害？,21800,1,,,,,,,,,,,
700152,,700152,神水坠,4,4,,1,3,1,999999,29984,,,,Equipment/700152,Icon,琉璃阁新品之一。起了非常高大上的名字，但是没有什么附加效果。,5700,1,,,,,,,,,,,
700163,,700163,捆仙银索,4,4,,1,4,1,999999,29983,,,,Equipment/700163,Icon,珍宝阁限量产出的挂件之一。其实并不能够捆仙伏魔的。,12450,1,,,,,,,,,,,
700166,,700166,金帛,4,4,,1,,1,999999,29982,,,,Equipment/700166,Icon,常见的金饰，很多人都会佩戴，用来祈福获得好运。,450,1,,,,,,,,,,,
700167,,700167,青牛角,4,4,1,6,1,1,999999,29887,,,,Equipment/700167,Icon,青牛角形状的吊坠饰品，这种东西在平民之中很常见。,900,1,,,,,,,,,,,
700168,,700168,铜箭符,4,4,1,22,2,1,999999,29886,,,,Equipment/700168,Icon,形状类似铜箭的护符，造型独特，独具匠心。,2700,1,,,,,,,,,,,
700169,,700169,隐身符,4,4,4,28,2,1,999999,29585,,,,Equipment/700169,Icon,据说佩戴者可以隐身哦……这种把戏你也相信？让人怀疑智商。,4050,1,,,,,,,,,,,
700170,,700170,赤焰火罩,4,4,8,48,3,1,999999,29178,,,,Equipment/700170,Icon,山寨版的九龙神火罩，至于功能性，没有任何保障。,7650,1,,,,,,,,,,,
700171,,700171,琉璃宝灯,4,4,8,56,4,1,999999,29177,,,,Equipment/700171,Icon,山寨版的仙界琉璃盏，至于功能性，那是什么东西？,9900,1,,,,,,,,,,,
700172,,700172,白玉金镯,4,4,13,72,5,1,999999,28692,,,,Equipment/700172,Icon,山寨版的白玉紫金镯，因为偷工减料，所以只有一个颜色。,15300,1,,,,,,,,,,,
700173,,700173,瑶池之宝,4,4,13,88,5,1,999999,28691,,,,Equipment/700173,Icon,山寨出品。瑶池宝物什么的肯定不是凡人可以见到的。,18450,1,,,,,,,,,,,
700184,,700184,龙吟戒,4,5,,1,3,1,999999,29981,,,,Equipment/700184,Icon,佩戴者时不时能听到若有若无的龙吟声。,5500,1,,,,,,,,,,,
700189,,700189,铜戒,4,5,,1,,1,999999,29980,,,,Equipment/700189,Icon,青铜制成的戒指，可以说是首饰中销量最高的物品。,250,1,,,,,,,,,,,
700190,,700190,亮银戒,4,5,1,14,1,1,999999,29885,,,,Equipment/700190,Icon,亮银制作的戒指，因为是提纯过的白银，所以品质十分精良。,700,1,,,,,,,,,,,
700191,,700191,虎啸戒,4,5,,1,2,1,999999,29979,,,,Equipment/700191,Icon,佩戴者时不时能听到若有若无的虎啸声。,2500,1,,,,,,,,,,,
700192,,700192,凤翔戒,4,5,4,28,2,1,999999,29584,,,,Equipment/700192,Icon,佩戴者时不时能听到若有若无的凤凰呼啸声。,3850,1,,,,,,,,,,,
700194,,700194,冰鳞戒指,4,5,8,64,4,1,999999,29175,,,,Equipment/700194,Icon,触摸起来冰冰凉凉的戒指，又有龙鳞一般的质感。,9700,1,,,,,,,,,,,
700195,,700195,琥珀戒指,4,5,13,80,5,1,999999,28690,,,,Equipment/700195,Icon,琥珀制成的戒指，晶莹剔透，美轮美奂，让人不禁心思沉醉。,15100,1,,,,,,,,,,,